video_id,title_length,uppercase_count,lowercase_count,special_characters_count,emoji_count,at_tags_count,dominant_color_r,dominant_color_g,dominant_color_b,num_edges,img_entropy,description_length,hashtags_count,urls_count,tags,duration,view_count,like_count
KrLj6nc516A,23,2,3,5,0,0,11.718147,12.97731,15.199394,14386,[4.766962],1001,0,7,,PT16M28S,68166369,3619325
KrLj6nc516A,23,2,3,5,0,0,240.07352,192.11145,77.31771,14386,[4.766962],1001,0,7,,PT16M28S,68167462,3619950
URNsrZza7Es,18,2,13,1,0,0,0.50401306,1.9926453,0.43154144,11045,[3.4076009],952,0,0,"motimaa,vihre√§javalkoinen,vihre√§,valkoinen,vihre√§ ja valkoinen,moti,minecraft,suomi,roast,rant",PT2M53S,8278,228
URNsrZza7Es,18,2,13,1,0,0,99.42684462145523,165.59389358202617,101.96129520667924,11045,[3.4076009],952,0,0,"motimaa,vihre√§javalkoinen,vihre√§,valkoinen,vihre√§ ja valkoinen,moti,minecraft,suomi,roast,rant",PT2M53S,8278,228
URNsrZza7Es,18,2,13,1,0,0,16.0,16.0,16.0,317,[3.731535],952,0,0,"motimaa,vihre√§javalkoinen,vihre√§,valkoinen,vihre√§ ja valkoinen,moti,minecraft,suomi,roast,rant",PT2M53S,8278,228
URNsrZza7Es,18,2,13,1,0,0,99.40915843623655,165.60999912871256,101.94028379846502,11045,[3.4076009],952,0,0,"motimaa,vihre√§javalkoinen,vihre√§,valkoinen,vihre√§ ja valkoinen,moti,minecraft,suomi,roast,rant",PT2M53S,8278,228
URNsrZza7Es,18,2,13,1,0,0,190.3177695290961,246.25821018123216,194.72900466213977,11045,[3.4076009],952,0,0,"motimaa,vihre√§javalkoinen,vihre√§,valkoinen,vihre√§ ja valkoinen,moti,minecraft,suomi,roast,rant",PT2M53S,8278,228
7RBwTyd1eoo,56,23,23,4,1,0,178.07448220150056,182.44604539039955,150.37517420857594,24468,[4.7145424],93,0,1,"Minecraft MUTTA,Minecraft MUT,suomi,Minecraft,Minecraft Suomi,Suomi Minecraft,Hardcore,Minecraft Hardcore suomi,Hardcore suomi,Minecraft Hardcore,uGim Minecraft,uGim,uGim mutta sarja,Minecraft MUTTA ajatusten voimalla,minecraftissa,telekinesia,ajatusten voima,MUTTA,hallitsen,maailmaa,AJATUSTEN,VOIMALLA!?",PT19M46S,5075,322
7RBwTyd1eoo,56,23,23,4,1,0,194,206,178,24468,[4.7145424],93,0,1,"Minecraft MUTTA,Minecraft MUT,suomi,Minecraft,Minecraft Suomi,Suomi Minecraft,Hardcore,Minecraft Hardcore suomi,Hardcore suomi,Minecraft Hardcore,uGim Minecraft,uGim,uGim mutta sarja,Minecraft MUTTA ajatusten voimalla,minecraftissa,telekinesia,ajatusten voima,MUTTA,hallitsen,maailmaa,AJATUSTEN,VOIMALLA!?",PT19M46S,5075,322
7RBwTyd1eoo,56,23,23,4,1,0,178.17926584327958,182.47577010266093,150.43664007249552,24468,[4.7145424],93,0,1,"Minecraft MUTTA,Minecraft MUT,suomi,Minecraft,Minecraft Suomi,Suomi Minecraft,Hardcore,Minecraft Hardcore suomi,Hardcore suomi,Minecraft Hardcore,uGim Minecraft,uGim,uGim mutta sarja,Minecraft MUTTA ajatusten voimalla,minecraftissa,telekinesia,ajatusten voima,MUTTA,hallitsen,maailmaa,AJATUSTEN,VOIMALLA!?",PT19M46S,5075,322
7RBwTyd1eoo,56,23,23,4,1,0,177,184,149,24468,[4.7145424],93,0,1,"Minecraft MUTTA,Minecraft MUT,suomi,Minecraft,Minecraft Suomi,Suomi Minecraft,Hardcore,Minecraft Hardcore suomi,Hardcore suomi,Minecraft Hardcore,uGim Minecraft,uGim,uGim mutta sarja,Minecraft MUTTA ajatusten voimalla,minecraftissa,telekinesia,ajatusten voima,MUTTA,hallitsen,maailmaa,AJATUSTEN,VOIMALLA!?",PT19M46S,5075,322
7RBwTyd1eoo,56,23,23,4,1,0,121,179,101,24468,[4.7145424],93,0,1,"Minecraft MUTTA,Minecraft MUT,suomi,Minecraft,Minecraft Suomi,Suomi Minecraft,Hardcore,Minecraft Hardcore suomi,Hardcore suomi,Minecraft Hardcore,uGim Minecraft,uGim,uGim mutta sarja,Minecraft MUTTA ajatusten voimalla,minecraftissa,telekinesia,ajatusten voima,MUTTA,hallitsen,maailmaa,AJATUSTEN,VOIMALLA!?",PT19M46S,5075,322
XeNFwPy2OME,42,14,21,3,0,0,42,39,149,11201,[4.5275726],848,3,6,"jyksedi,minecraft suomi,suomi minecraft,jyksedi minecraft,jyksedi hardcore,jyksedi survival,minecraft jyksedi,minecraft sarja,mine,pelikanava,peli,haaste,jyksed,shorts,jyksedi shorts,minecraft hard kore,hard kore,tein suuren virheen,tein virheen,virheen,tein,minecraft hardcoressa,nether portaali,portaali,nether,minecraft virhe,minecraft portaali,minecraft netheriin",PT13M13S,47884,2756
XeNFwPy2OME,42,14,21,3,0,0,7,14,31,11201,[4.5275726],848,3,6,"jyksedi,minecraft suomi,suomi minecraft,jyksedi minecraft,jyksedi hardcore,jyksedi survival,minecraft jyksedi,minecraft sarja,mine,pelikanava,peli,haaste,jyksed,shorts,jyksedi shorts,minecraft hard kore,hard kore,tein suuren virheen,tein virheen,virheen,tein,minecraft hardcoressa,nether portaali,portaali,nether,minecraft virhe,minecraft portaali,minecraft netheriin",PT13M13S,47884,2756
XeNFwPy2OME,42,14,21,3,0,0,0,0,0,11201,[4.5275726],848,3,6,"jyksedi,minecraft suomi,suomi minecraft,jyksedi minecraft,jyksedi hardcore,jyksedi survival,minecraft jyksedi,minecraft sarja,mine,pelikanava,peli,haaste,jyksed,shorts,jyksedi shorts,minecraft hard kore,hard kore,tein suuren virheen,tein virheen,virheen,tein,minecraft hardcoressa,nether portaali,portaali,nether,minecraft virhe,minecraft portaali,minecraft netheriin",PT13M13S,47887,2756
XeNFwPy2OME,42,14,21,3,0,0,0,0,0,11201,[4.5275726],848,3,6,"jyksedi,minecraft suomi,suomi minecraft,jyksedi minecraft,jyksedi hardcore,jyksedi survival,minecraft jyksedi,minecraft sarja,mine,pelikanava,peli,haaste,jyksed,shorts,jyksedi shorts,minecraft hard kore,hard kore,tein suuren virheen,tein virheen,virheen,tein,minecraft hardcoressa,nether portaali,portaali,nether,minecraft virhe,minecraft portaali,minecraft netheriin",PT13M13S,47887,2756
XeNFwPy2OME,42,14,21,3,0,0,0,0,0,11201,[4.5275726],848,3,6,"jyksedi,minecraft suomi,suomi minecraft,jyksedi minecraft,jyksedi hardcore,jyksedi survival,minecraft jyksedi,minecraft sarja,mine,pelikanava,peli,haaste,jyksed,shorts,jyksedi shorts,minecraft hard kore,hard kore,tein suuren virheen,tein virheen,virheen,tein,minecraft hardcoressa,nether portaali,portaali,nether,minecraft virhe,minecraft portaali,minecraft netheriin",PT13M13S,47887,2756
XeNFwPy2OME,42,14,21,3,0,0,7,7,10,11201,[4.5275726],848,3,6,"jyksedi,minecraft suomi,suomi minecraft,jyksedi minecraft,jyksedi hardcore,jyksedi survival,minecraft jyksedi,minecraft sarja,mine,pelikanava,peli,haaste,jyksed,shorts,jyksedi shorts,minecraft hard kore,hard kore,tein suuren virheen,tein virheen,virheen,tein,minecraft hardcoressa,nether portaali,portaali,nether,minecraft virhe,minecraft portaali,minecraft netheriin",PT13M13S,47887,2756
XeNFwPy2OME,42,14,21,3,0,0,6,6,9,11201,[4.5275726],848,3,6,"jyksedi,minecraft suomi,suomi minecraft,jyksedi minecraft,jyksedi hardcore,jyksedi survival,minecraft jyksedi,minecraft sarja,mine,pelikanava,peli,haaste,jyksed,shorts,jyksedi shorts,minecraft hard kore,hard kore,tein suuren virheen,tein virheen,virheen,tein,minecraft hardcoressa,nether portaali,portaali,nether,minecraft virhe,minecraft portaali,minecraft netheriin",PT13M13S,47887,2756
XeNFwPy2OME,42,14,21,3,0,0,6,6,9,11201,[4.5275726],848,3,6,"jyksedi,minecraft suomi,suomi minecraft,jyksedi minecraft,jyksedi hardcore,jyksedi survival,minecraft jyksedi,minecraft sarja,mine,pelikanava,peli,haaste,jyksed,shorts,jyksedi shorts,minecraft hard kore,hard kore,tein suuren virheen,tein virheen,virheen,tein,minecraft hardcoressa,nether portaali,portaali,nether,minecraft virhe,minecraft portaali,minecraft netheriin",PT13M13S,47887,2756
xqXZ6GU9Rfs,49,9,29,2,0,0,5,189,87,15113,[4.541368],802,3,6,"jyksedi,minecraft suomi,suomi minecraft,jyksedi minecraft,jyksedi hardcore,jyksedi survival,minecraft jyksedi,minecraft sarja,mine,pelikanava,peli,haaste,jyksed,shorts,jyksedi shorts,minecraft beacon beacon,beacon beacon,tapoin 165 witheri√§,jotta,voisin,rakentaa,t√§m√§n,minecraft beacon,tapoin witherin,witheri,wither,witheri√§,minecraft jyksedi wither,jyksedi beacon",PT11M5S,46418,2749
-Nx8BYUBKWI,61,16,29,6,0,0,5,6,10,28236,[4.701803],899,3,8,"jyksedi,minecraft suomi,suomi minecraft,jyksedi minecraft,jyksedi hardcore,jyksedi survival,minecraft jyksedi,minecraft sarja,mine,pelikanava,peli,haaste,jyksed,shorts,jyksedi shorts,minecraft puufarmi,puufarmi,minecraft puu,minecraft loputtomasti puuta,minecraft tree farm,minecraft farmi,jyksedi farmi,jyksedi farm,jyksedi loputtomasti,minecraft loputtomasti,loputtomasti puuta,minecraft hardcoressa,jyksedi minecraft farmi,minecraft farmi jyksedi",PT20M3S,52189,3941
-Nx8BYUBKWI,61,16,29,6,0,0,73,115,142,28236,[4.701803],899,3,8,"jyksedi,minecraft suomi,suomi minecraft,jyksedi minecraft,jyksedi hardcore,jyksedi survival,minecraft jyksedi,minecraft sarja,mine,pelikanava,peli,haaste,jyksed,shorts,jyksedi shorts,minecraft puufarmi,puufarmi,minecraft puu,minecraft loputtomasti puuta,minecraft tree farm,minecraft farmi,jyksedi farmi,jyksedi farm,jyksedi loputtomasti,minecraft loputtomasti,loputtomasti puuta,minecraft hardcoressa,jyksedi minecraft farmi,minecraft farmi jyksedi",PT20M3S,52189,3941
EilFXRPYXu0,53,18,30,1,0,0,77,130,216,8994,[4.272971],915,3,7,"jyksedi,minecraft suomi,suomi minecraft,jyksedi minecraft,jyksedi hardcore,jyksedi survival,minecraft jyksedi,minecraft sarja,mine,pelikanava,peli,haaste,jyksed,shorts,jyksedi shorts,minecraft 1.20,minecraft uusi p√§ivitys,minecraft piglin head,minecraft harvinaisin itemi,minecraft harvinaisin,l√∂ysin harvinaisen,harvinainen,minecraft harvinainen,jyksedi piglin,piglin,charged creeper,jyksedi charged creeper",PT14M57S,62122,4574
EilFXRPYXu0,53,18,30,1,0,0,0,0,39,8994,[4.272971],915,3,7,"jyksedi,minecraft suomi,suomi minecraft,jyksedi minecraft,jyksedi hardcore,jyksedi survival,minecraft jyksedi,minecraft sarja,mine,pelikanava,peli,haaste,jyksed,shorts,jyksedi shorts,minecraft 1.20,minecraft uusi p√§ivitys,minecraft piglin head,minecraft harvinaisin itemi,minecraft harvinaisin,l√∂ysin harvinaisen,harvinainen,minecraft harvinainen,jyksedi piglin,piglin,charged creeper,jyksedi charged creeper",PT14M57S,62123,4574
xqXZ6GU9Rfs,49,9,29,2,0,0,0,186,81,15113,[4.541368],802,3,6,"jyksedi,minecraft suomi,suomi minecraft,jyksedi minecraft,jyksedi hardcore,jyksedi survival,minecraft jyksedi,minecraft sarja,mine,pelikanava,peli,haaste,jyksed,shorts,jyksedi shorts,minecraft beacon beacon,beacon beacon,tapoin 165 witheri√§,jotta,voisin,rakentaa,t√§m√§n,minecraft beacon,tapoin witherin,witheri,wither,witheri√§,minecraft jyksedi wither,jyksedi beacon",PT11M5S,46418,2749
xqXZ6GU9Rfs,49,9,29,2,0,0,5,190,87,15113,[4.541368],802,3,6,"jyksedi,minecraft suomi,suomi minecraft,jyksedi minecraft,jyksedi hardcore,jyksedi survival,minecraft jyksedi,minecraft sarja,mine,pelikanava,peli,haaste,jyksed,shorts,jyksedi shorts,minecraft beacon beacon,beacon beacon,tapoin 165 witheri√§,jotta,voisin,rakentaa,t√§m√§n,minecraft beacon,tapoin witherin,witheri,wither,witheri√§,minecraft jyksedi wither,jyksedi beacon",PT11M5S,46418,2749
xqXZ6GU9Rfs,49,9,29,2,0,0,80,93,0,15113,[4.541368],802,3,6,"jyksedi,minecraft suomi,suomi minecraft,jyksedi minecraft,jyksedi hardcore,jyksedi survival,minecraft jyksedi,minecraft sarja,mine,pelikanava,peli,haaste,jyksed,shorts,jyksedi shorts,minecraft beacon beacon,beacon beacon,tapoin 165 witheri√§,jotta,voisin,rakentaa,t√§m√§n,minecraft beacon,tapoin witherin,witheri,wither,witheri√§,minecraft jyksedi wither,jyksedi beacon",PT11M5S,46418,2749
xqXZ6GU9Rfs,49,9,29,2,0,0,5,190,87,15113,[4.541368],802,3,6,"jyksedi,minecraft suomi,suomi minecraft,jyksedi minecraft,jyksedi hardcore,jyksedi survival,minecraft jyksedi,minecraft sarja,mine,pelikanava,peli,haaste,jyksed,shorts,jyksedi shorts,minecraft beacon beacon,beacon beacon,tapoin 165 witheri√§,jotta,voisin,rakentaa,t√§m√§n,minecraft beacon,tapoin witherin,witheri,wither,witheri√§,minecraft jyksedi wither,jyksedi beacon",PT11M5S,46418,2749
xqXZ6GU9Rfs,49,9,29,2,0,0,5,189,86,15113,[4.541368],802,3,6,"jyksedi,minecraft suomi,suomi minecraft,jyksedi minecraft,jyksedi hardcore,jyksedi survival,minecraft jyksedi,minecraft sarja,mine,pelikanava,peli,haaste,jyksed,shorts,jyksedi shorts,minecraft beacon beacon,beacon beacon,tapoin 165 witheri√§,jotta,voisin,rakentaa,t√§m√§n,minecraft beacon,tapoin witherin,witheri,wither,witheri√§,minecraft jyksedi wither,jyksedi beacon",PT11M5S,46418,2749
xqXZ6GU9Rfs,49,9,29,2,0,0,80.17862434819892,137.1525203493348,75.56318097675288,15113,[4.541368],802,3,6,"jyksedi,minecraft suomi,suomi minecraft,jyksedi minecraft,jyksedi hardcore,jyksedi survival,minecraft jyksedi,minecraft sarja,mine,pelikanava,peli,haaste,jyksed,shorts,jyksedi shorts,minecraft beacon beacon,beacon beacon,tapoin 165 witheri√§,jotta,voisin,rakentaa,t√§m√§n,minecraft beacon,tapoin witherin,witheri,wither,witheri√§,minecraft jyksedi wither,jyksedi beacon",PT11M5S,46418,2749
xqXZ6GU9Rfs,49,9,29,2,0,0,6,189,87,15113,[4.541368],802,3,6,"jyksedi,minecraft suomi,suomi minecraft,jyksedi minecraft,jyksedi hardcore,jyksedi survival,minecraft jyksedi,minecraft sarja,mine,pelikanava,peli,haaste,jyksed,shorts,jyksedi shorts,minecraft beacon beacon,beacon beacon,tapoin 165 witheri√§,jotta,voisin,rakentaa,t√§m√§n,minecraft beacon,tapoin witherin,witheri,wither,witheri√§,minecraft jyksedi wither,jyksedi beacon",PT11M5S,46418,2749
XeNFwPy2OME,42,14,21,3,0,0,1,1,213,11201,[4.5275726],848,3,6,"jyksedi,minecraft suomi,suomi minecraft,jyksedi minecraft,jyksedi hardcore,jyksedi survival,minecraft jyksedi,minecraft sarja,mine,pelikanava,peli,haaste,jyksed,shorts,jyksedi shorts,minecraft hard kore,hard kore,tein suuren virheen,tein virheen,virheen,tein,minecraft hardcoressa,nether portaali,portaali,nether,minecraft virhe,minecraft portaali,minecraft netheriin",PT13M13S,47890,2756
XeNFwPy2OME,42,14,21,3,0,0,2,2,132,11201,[4.5275726],848,3,6,"jyksedi,minecraft suomi,suomi minecraft,jyksedi minecraft,jyksedi hardcore,jyksedi survival,minecraft jyksedi,minecraft sarja,mine,pelikanava,peli,haaste,jyksed,shorts,jyksedi shorts,minecraft hard kore,hard kore,tein suuren virheen,tein virheen,virheen,tein,minecraft hardcoressa,nether portaali,portaali,nether,minecraft virhe,minecraft portaali,minecraft netheriin",PT13M13S,47890,2756
XeNFwPy2OME,42,14,21,3,0,0,2,2,132,11201,[4.5275726],848,3,6,"jyksedi,minecraft suomi,suomi minecraft,jyksedi minecraft,jyksedi hardcore,jyksedi survival,minecraft jyksedi,minecraft sarja,mine,pelikanava,peli,haaste,jyksed,shorts,jyksedi shorts,minecraft hard kore,hard kore,tein suuren virheen,tein virheen,virheen,tein,minecraft hardcoressa,nether portaali,portaali,nether,minecraft virhe,minecraft portaali,minecraft netheriin",PT13M13S,47978,2764
XeNFwPy2OME,42,14,21,3,0,0,2,2,132,11201,[4.5275726],848,3,6,"jyksedi,minecraft suomi,suomi minecraft,jyksedi minecraft,jyksedi hardcore,jyksedi survival,minecraft jyksedi,minecraft sarja,mine,pelikanava,peli,haaste,jyksed,shorts,jyksedi shorts,minecraft hard kore,hard kore,tein suuren virheen,tein virheen,virheen,tein,minecraft hardcoressa,nether portaali,portaali,nether,minecraft virhe,minecraft portaali,minecraft netheriin",PT13M13S,47978,2765
XeNFwPy2OME,42,14,21,3,0,0,6,7,9,11201,[4.5275726],848,3,6,"jyksedi,minecraft suomi,suomi minecraft,jyksedi minecraft,jyksedi hardcore,jyksedi survival,minecraft jyksedi,minecraft sarja,mine,pelikanava,peli,haaste,jyksed,shorts,jyksedi shorts,minecraft hard kore,hard kore,tein suuren virheen,tein virheen,virheen,tein,minecraft hardcoressa,nether portaali,portaali,nether,minecraft virhe,minecraft portaali,minecraft netheriin",PT13M13S,47980,2765
XeNFwPy2OME,42,14,21,3,0,0,6,6,10,11201,[4.5275726],848,3,6,"jyksedi,minecraft suomi,suomi minecraft,jyksedi minecraft,jyksedi hardcore,jyksedi survival,minecraft jyksedi,minecraft sarja,mine,pelikanava,peli,haaste,jyksed,shorts,jyksedi shorts,minecraft hard kore,hard kore,tein suuren virheen,tein virheen,virheen,tein,minecraft hardcoressa,nether portaali,portaali,nether,minecraft virhe,minecraft portaali,minecraft netheriin",PT13M13S,47980,2765
XeNFwPy2OME,42,14,21,3,0,0,6,7,10,11201,[4.5275726],848,3,6,"jyksedi,minecraft suomi,suomi minecraft,jyksedi minecraft,jyksedi hardcore,jyksedi survival,minecraft jyksedi,minecraft sarja,mine,pelikanava,peli,haaste,jyksed,shorts,jyksedi shorts,minecraft hard kore,hard kore,tein suuren virheen,tein virheen,virheen,tein,minecraft hardcoressa,nether portaali,portaali,nether,minecraft virhe,minecraft portaali,minecraft netheriin",PT13M13S,47980,2765
XeNFwPy2OME,42,14,21,3,0,0,9,6,6,11143,[4.231368],848,3,6,"jyksedi,minecraft suomi,suomi minecraft,jyksedi minecraft,jyksedi hardcore,jyksedi survival,minecraft jyksedi,minecraft sarja,mine,pelikanava,peli,haaste,jyksed,shorts,jyksedi shorts,minecraft hard kore,hard kore,tein suuren virheen,tein virheen,virheen,tein,minecraft hardcoressa,nether portaali,portaali,nether,minecraft virhe,minecraft portaali,minecraft netheriin",PT13M13S,47982,2765
XeNFwPy2OME,42,14,21,3,0,0,138,2,2,11081,[4.7611046],848,3,6,"jyksedi,minecraft suomi,suomi minecraft,jyksedi minecraft,jyksedi hardcore,jyksedi survival,minecraft jyksedi,minecraft sarja,mine,pelikanava,peli,haaste,jyksed,shorts,jyksedi shorts,minecraft hard kore,hard kore,tein suuren virheen,tein virheen,virheen,tein,minecraft hardcoressa,nether portaali,portaali,nether,minecraft virhe,minecraft portaali,minecraft netheriin",PT13M13S,47982,2765
xqXZ6GU9Rfs,49,9,29,2,0,0,90,193,5,13525,[5.1133432],802,3,6,"jyksedi,minecraft suomi,suomi minecraft,jyksedi minecraft,jyksedi hardcore,jyksedi survival,minecraft jyksedi,minecraft sarja,mine,pelikanava,peli,haaste,jyksed,shorts,jyksedi shorts,minecraft beacon beacon,beacon beacon,tapoin 165 witheri√§,jotta,voisin,rakentaa,t√§m√§n,minecraft beacon,tapoin witherin,witheri,wither,witheri√§,minecraft jyksedi wither,jyksedi beacon",PT11M5S,46494,2755
URNsrZza7Es,18,2,13,1,0,0,247,252,244,10085,[3.885061],952,0,0,"motimaa,vihre√§javalkoinen,vihre√§,valkoinen,vihre√§ ja valkoinen,moti,minecraft,suomi,roast,rant",PT2M53S,8286,228
KrLj6nc516A,23,2,3,5,0,0,56,172,207,13394,[5.30388],1001,0,7,,PT16M28S,75160685,3805987
KrLj6nc516A,23,2,3,5,0,0,54,171,205,13394,[5.30388],1001,0,7,,PT16M28S,75202569,3807227
KrLj6nc516A,23,2,3,5,0,0,55,172,206,13394,[5.30388],1001,0,7,,PT16M28S,75202569,3807546
KrLj6nc516A,23,2,3,5,0,0,56,173,207,13394,[5.30388],1001,0,7,,PT16M28S,75227699,3807711
KrLj6nc516A,23,2,3,5,0,0,56,173,209,13394,[5.30388],1001,0,7,,PT16M28S,75227699,3807818
nARrOiCkpF0,61,10,38,1,1,0,51,55,49,18463,[5.4402122],740,0,3,"free fire,garena free fire,tonde gamer,tonde new video,tonde,gaitonde,tgr gaitonde,best gameplay,free fire hindi,ff hindi,free fire king,free fire gameplay,ajjubhai,total gaming,desi gamers,top 1,grandmaster,pro lobby,challenge,free fire challenge,mr triple r,rrr,1 hp,1 hp challenge,ff challenges,tonde challenge,free fire max,ff hard challenge,most difficult challenge,tonde 1 hp challenge",PT21M15S,439934,46547
lJrHLnhJl-M,33,4,14,4,0,0,254,248,248,7590,[4.2063904],569,0,6,,PT13M31S,47814117,996933
nARrOiCkpF0,61,10,38,1,1,0,210,185,129,18463,[5.4402122],740,0,3,"free fire,garena free fire,tonde gamer,tonde new video,tonde,gaitonde,tgr gaitonde,best gameplay,free fire hindi,ff hindi,free fire king,free fire gameplay,ajjubhai,total gaming,desi gamers,top 1,grandmaster,pro lobby,challenge,free fire challenge,mr triple r,rrr,1 hp,1 hp challenge,ff challenges,tonde challenge,free fire max,ff hard challenge,most difficult challenge,tonde 1 hp challenge",PT21M15S,439934,46570
lJrHLnhJl-M,33,4,14,4,0,0,254,249,249,7590,[4.2063904],569,0,6,,PT13M31S,47815958,996945
nARrOiCkpF0,61,10,38,1,1,0,212,187,129,18463,[5.4402122],740,0,3,"free fire,garena free fire,tonde gamer,tonde new video,tonde,gaitonde,tgr gaitonde,best gameplay,free fire hindi,ff hindi,free fire king,free fire gameplay,ajjubhai,total gaming,desi gamers,top 1,grandmaster,pro lobby,challenge,free fire challenge,mr triple r,rrr,1 hp,1 hp challenge,ff challenges,tonde challenge,free fire max,ff hard challenge,most difficult challenge,tonde 1 hp challenge",PT21M15S,440752,46611
qI5j1aQu0vA,36,10,20,1,0,0,98,75,235,15190,[5.3284507],826,0,5,"vermax,xen vermax,dream setup,dream gaming setup,vermax setup,vermax setup tour,vermax room tour,vermax dream gaming setup",PT7M7S,68554,0
k38laOCwmdM,71,52,3,4,1,0,26,16,12,13764,[5.2238345],855,3,4,"BGMI,BGMI LIVE,LOLZZ GAMING,LOLZ,GODLIKE,GODLIKE LOLZZ",P0D,100428,21766
csxHHdgjDOA,99,76,0,4,1,0,21,17,22,23006,[5.471307],788,14,4,"free fire,desi gamers,free fire india,garena free fire,free fire live,challenge videos free fire,free fire challenges,grandmaster player,1 million likes,world most liked free fire player,free fire max,desi gamers vs daddycalling,INDIA'S NO.1 RICHEST PLAYER,lokesh gamer,garena free fire max,as gaming,as gaming new video,as gaming vs lokesh gamer,MOST EXPENSIVE FREE FIRE ID WITH V BAGE AND 8 LAKH DIAMONDS,free fire unban date",PT15M53S,122673,11746
JOQuZXFlwKs,36,18,6,2,0,0,70,36,229,17540,[5.3520575],957,1,9,"iraphahell,irafael,rafael,iraphahell se joaca",PT23M42S,154535,12171
kqU4iVaZKPE,76,13,39,2,0,0,80,48,95,20201,[5.3006773],3964,7,47,,PT1H38M,1284369,25634
qf3h4X9kwxg,83,69,0,0,0,0,29,197,248,8351,[5.100012],1481,21,6,"GTA 5,GTA V,GTA 5 GAMEPLAY HINDI,GTA 5 TECHNOGAMERZ,GTA 5 TECHNO,GTA 5 CAR COLLECTION,GTA 5 ROBBERY,gta 5 hindi gameplay,gta 5,gta 5 shinchan,gta 5 frostbite,shichan and franklin gta 5 space parkour,shin chan cartoon gta 5,gta 5 shin chan,shin chan gta 5 gameplay,shin chan franklin parkour challenge,parkour challenge gta 5,flight gamer,frostbite gaming,techno gamerz,yippi gaming,yippi,yippie,yippi new video,yippi gaming new video,yippi games,toons",PT22M20S,72471,2010
_5x3XBxkq9o,98,22,45,6,1,0,60,30,57,15556,[5.3332005],2939,3,4,"music mix 2023,best music mix,dance music 2023,dance music,popular songs remix,best remixes of popular songs 2023,edm,car music mix,best music 2023,gaming music,magic music,edm remix of popular songs,remixes of popular songs,music mix,bass boosted,best music mix 2023,magic records,remix,best remixes of popular songs,songs 2022,magic free release,popular 2022,gaming music 2022,music gaming 2023,Gaming Music 2023,edmforlife,edm for life",P1DT8M53S,901142,16724
WRB5ymaIiVk,66,34,19,2,0,0,35,25,15,15315,[5.4798512],1632,0,1,,PT8M23S,68188,7921
gdDpaf9pU84,53,4,26,7,1,0,48,56,57,4168,[4.976304],831,4,4,"@ytshort,youtube shorts,master shorts,youtube,gadgets,phone,mobile phones,shorts video,shorts song,short,tech,hacks,funny,gaming phone",PT51S,1305764,128078
OypodKDXYbo,47,31,0,4,0,0,46,21,15,14388,[5.051592],244,0,0,"gaming antelope,the gaming antelope,gaming antilop,–≥–µ–º–∏–Ω–≥ –∞–Ω—Ç–∏–ª–æ–ø,–≥–µ–π–º–∏–Ω–≥ –∞–Ω—Ç–∏–ª–æ–ø,–∞–Ω—Ç–∏–ª–æ–ø–∞,the boxing antelope,unboxing antelope,deni,denislav dimchev,–¥–µ–Ω–∏—Å–ª–∞–≤ –¥–∏–º—á–µ–≤,–¥–µ–Ω–∏,—è–Ω–∏,–¥–µ–Ω–∏ –∏ —è–Ω–∏,–∞–Ω–¥–∏,–¥–∞–Ω–∏,—Ç–∞–π–Ω–∞ –≥–µ–π–º–∏–Ω–≥ —Å—Ç–∞—è,–≥–µ–π–º–∏–Ω–≥ —Å—Ç–∞—è,andy studios,negamer,andy plays games,–Ω–µ–≥–µ–π–º—ä—Ä,–∞–Ω–¥–∏ –ø–ª–µ–π—Å –≥–µ–π–º—Å,–î–ï–ú–û–ù –ù–ò –ó–ê–ö–õ–Æ–ß–ò –í –ú–ê–ó–ï–¢–û –í 3:00 –ü–†–ï–ó –ù–û–©–¢–ê !!!,ayowoki,escape the ayowki,–¢–™–†–°–Ø –ü–™–¢ –ó–ê –ë–Ø–ì–°–¢–í–û –û–¢ –î–ï–¢–°–ö–ò –õ–ê–ì–ï–† –ù–ê –£–ñ–ê–°–ò–¢–ï | JOYVILLE",PT25M37S,19978,1376
Ch6HOegCCjc,45,37,0,0,0,0,226,242,243,16257,[5.0507703],1086,0,15,"gta,gta 5,gta 5 gameplay,gta v,grand theft auto,shinchan gta v,gta 5 in hindi,gta v in hindi,gta 5 shinchan,gta v shinchan,gta 5 franklin,GTA 5 RACE,gta v racing,frosty gta v,frostbite gaming gta 5,gta 5 techno gamerz,gta 5 game,gta 5 races frosty and chop,gta 5 race frostbite gaming,frosty gaming,frosty bhai,chop and frosty,tractor,gadi,game game,franklin video,ROBLOX CHOP PUNCHED ME SO HARD BUT STILL LOST",PT12M15S,70731,2525
W18j3d5LkOw,63,9,37,3,0,0,21,42,65,20293,[5.321768],1805,0,14,"gaming music,edm,gaming music 2023,best music mix 2023,best music mix 2022,music mix 2022,gaming music 2022,best gaming music,best music mix,edm remix of popular songs,music 2022,music mix,music,new music mix,remix,best music mix 2021,cloudx music,best of edm,NCS Release,dubstep,trap,nocopyrightsounds,edm gaming,game music,gaming mix,gaming song,gaming songrap",PT56M39S,468114,9323
UzW4TI5v3xw,40,10,23,1,0,0,249,249,249,18836,[4.5601845],976,1,2,"gaming isn't fun,why isn't gaming fun,gaming is no longer fun,the reason gaming isn't fun anymore,gaming,gaming doesn't feel the same,gaming isnt the same anymore,gaming isnt the same",PT9M7S,368653,12368
XXXtJ8NJKo8,57,15,29,4,0,0,34,28,30,23676,[5.3299923],4826,3,68,"gaming van,van life,living in a van,van conversion,vanlife,van life build,pc gaming in a van,van life tour,pc gaming van life,pc gaming,van life gaming,pc gaming setup,stealth van,gaming van life,van build,van tour,gaming in a van,pc gaming van,gaming bus,gaming setup,van house,van living,vanlife build,gamer van,gaming van build,gaming setup in a van,mobile pc setup,ttthefineprinttt,van gamer,vanlife gamer,world of warcraft,wow classic",PT20M28S,103371,9728
W9ZyStaYQmM,45,15,16,6,1,0,22,20,26,11162,[5.030275],51,3,0,"Bgmi,Scout,Pubg,Nostalgia",PT44S,4181499,373727
_jhJx9-pS8w,32,0,0,1,0,0,41,39,40,17856,[5.461628],189,0,2,"ÿ¨ŸäŸÖŸÜÿ¨ ÿ≥ŸÜÿ™ÿ±,ÿ¨ŸäŸÖŸÜÿ¨ ÿ≥ŸäŸÜÿ™ÿ±,ÿ£ÿ¥Ÿäÿßÿ° ÿ™ŸÅÿ¨ÿπ ÿµÿßÿ±ÿ™ ŸÖÿπ ÿßŸÑŸäŸàÿ™ŸäŸàÿ®ÿ±ÿ≤,ŸÖÿ≥ÿ™ÿ± ÿ®Ÿäÿ≥ÿ™,ÿ®ŸÜÿØÿ±Ÿäÿ™ÿß,ŸäŸàÿ™Ÿäÿ®ÿ±ÿ≤",PT17M14S,359389,30365
GUJv1JVAtF8,44,6,26,4,0,0,19,14,13,14299,[5.198238],2059,0,9,"is gaming dead,gaming,gaming is dead,dying games,warzone,assassins creed,why is this bad,why is game bad,call of duty,cod,halo,apex,why we loved games growing up",PT53M47S,431381,0
WWHtmJHTwEo,73,10,45,5,1,0,11,13,8,2858,[4.059677],2040,7,0,"Best Funny ü§£ Horror Moment Of Indian Gamer,Indian Gamer best Funny horror moment,funny horror moment,Indian Gamer best Funny moments,Indian Gamer,techno Gamerz best funny horror moment,triggered insaan funny horror moment,beast boy shubh,techno Gamerz,gaming series,viral video,viral shorts,viral,trending,shorts,techno Gamerz new video,techno Gamerz gta 5,techno Gamerz Minecraft,Indian youtuber best funny horror moment,funny moments",PT47S,8711242,666885
-qAvyDdjatY,26,22,0,0,0,0,168,209,246,16410,[5.346713],839,0,11,"car for sale,car showroom,dealership,supercar,lamborghini,simulator,funny,ujjwal,techno gamerz",PT19M30S,7444156,0
D3wqIT22D5s,97,15,63,0,0,0,82,96,23,15566,[5.2701197],291,3,1,"Scary Teacher 3D,scary teacher game,game prank,funny,animation,scary teacher 3d game,ice scream,prank,coffin dancing,scary teacher 3d troll,funny animation,cartoon,3d,animated,shows,short films,funny animations,squid game,among us,scary games,animation fans,education,school,elementary school,cgi,classic cartoons,cgi movies,cgi cartoons,comedy,stories,random,memes,Movie,best,learning,video games,characters,rainbow,roblox,minecraft,toons,game toons,family",PT30M37S,25596641,118154
7LHJPSVR4Ek,100,18,60,6,0,0,190,170,153,10071,[5.36001],1609,3,14,"iphone 15 pro max review,iPhone 15 Pro Max Gaming Test,iPhone 15,iPhone 15 Pro,IPhone 15 Pro Max,honkai star rail,call of duty mobile,genshin impact 4.1,call of duty mobile gameplay,genshin impact react to aether,honkai star rail react to,honkai star rail tier list,honkai star rail ost,call of duty mobile season 8,call of duty mobile gameplay multiplayer,iphone 15 pro max vs iphone 14 pro max,iphone 15 pro max 2023,iphone 15 pro max camera",PT24M52S,6996,226
KzKqzvBAhTs,36,8,20,2,2,0,19,34,38,13989,[5.226183],1934,3,4,"Songs that boost you into godmode,Songs to feel like the Op character of an anime,Gaming music,songs to feel aggressive and out of control,Beast mode songs,aggressive character music,aggressive songs,badass songs,songs that make you feel powerful,warrior songs,songs that make you feel like a warrior,like a warrior playlist,feel like a warrior songs,songs that make you feel badass,Songs that make you feel aggressive,feel in god mode songs,god mode music",PT48M1S,2684503,48794
vs9qtvlvXpU,46,18,18,5,0,0,226,170,126,13097,[5.267233],1657,1,15,,PT14M54S,987011,0
EzLfD1qWKQ0,40,5,27,0,0,0,123,107,110,19508,[5.4062557],307,0,1,"top 10 overhyped,top 10 overhyped games,top 10 games that died,top 10 games that ripped you off,failed games,dead games,failed xbox games,failed ps5 games,failed pc games,bad video games,failed ps4 games,video game culture,bad video game,biggest game flops,Games that flopped recently,Dead games list,most over hyped games,gameranx,falcon",PT15M57S,1609796,35022
Cm1eknl7mNU,23,9,10,0,0,0,195,46,55,13325,[4.651843],480,0,5,"beamazed,be amazed,top 10,Gamers Who Went Too Far,People Who Took Gaming Way Too Far,gamers caught cheating,funniest gamer moments,weird gamer moments,gamer cringe compilation,man rides bike with 72 phones pokemon go,people who married objects,playing COD with recorder,playing COD using a flute,amazing ways people beat elden ring,elden ring challenge run best bits",PT21M44S,1301331,28387
Q-DwO9xo4Ew,46,28,9,1,0,0,206,200,226,20266,[5.4242992],479,2,6,"Aphmau,Minecraft,Minecraft funny,Minecraft mods,Minecraft Aphmau,Aphmau pranks,Aphmau Minecraft Pranks,Aphmau Gaming,Aphmau Games,Aphmau Pranks Friends,Aphmau Playing As,Aphmau Aaron",PT19M32S,3869796,55594
KN_0SJCoY_o,82,65,0,2,0,0,26,20,13,22264,[5.393942],350,0,5,"free fire,garena free fire,total gaming",PT27M38S,1481663,118506
k3NR_x7Asaw,58,45,0,5,0,0,63,189,235,22673,[5.402315],501,0,3,"pandu gaming,pandu gaming roblox,roblox zombie,pandu gaming zombie,zombie roblox,roblox hantu,hantu roblox,pandu gaming hantu,pandu gaming minecraft,pandu gaming roblox hantu,pandu gaming obby,pandu gaming simulator,pandu gaming lucu,video baru pandu gaming",PT18M58S,54695,0
AmxVAR2S7sY,23,18,0,1,1,0,57,48,46,6689,[4.9240484],210,7,0,"OnZan,Gaming Watch,Smart Watch,Free Fire In smart watch,shorts,short,Free Fire,watch,Free fire watch,Power Of Gaming Watch,Funny Video,Gaming Funny Videos,apple watch,smartwatch,phone watch,Mobile watch,touch watch,Watches,power watch,power gaming,gaming smartwatch",PT24S,13832646,446360
PIoTM7BPAg4,87,14,52,2,2,0,113,108,31,21654,[5.4636936],819,0,3,"free fire,garena free fire,tonde gamer,tonde new video,tonde,gaitonde,tgr gaitonde,solo vs squad,tonde solo vs squad,1 vs 4,best gameplay,free fire hindi,ff hindi,free fire king,free fire gameplay,ajjubhai,total gaming,desi gamers,top 1,grandmaster,pro lobby,2x sniper,challenge,free fire challenge,popat,mac10,new,new event,new gun skin,mac10 skin,evo skins,evo guns,tonde 1 vs 4,ff challenges,tonde challenge",PT12M23S,382095,28998
q64FZeRB8ss,48,6,29,1,0,0,142,140,80,20855,[5.3030553],457,0,1,"long single player games,long single player pc games,long single player xbox games,long single player ps5 games,long single player steam games,long single player switch games,gameranx,jake baldino",PT13M34S,1930970,45178
M-bw4McR3WA,42,7,29,0,0,0,235,237,239,13082,[5.372135],1776,3,29,"Starfield,Gaming PC,Budget PC Build,$400 Gaming PC,PC Gaming,Gaming Rig,Gaming Performance,Gaming Benchmarks,PC Hardware,Gaming Setup,Custom PC,DIY PC Build,Ryzen 5 2600X,GTX 1070Ti,PC Aesthetics,PC Case,PC Building Tips,PC Upgrade,Gaming Community,Bethesda,RPG,Minimum Specs Build,Custom Stickers PC,Themed PC,Starfield Themed PC,Bethesda Game Studios,Starfield Budget PC,Starfield Benchmarks,RX 5700,Gamemax Case,Custom Sci-Fi PC",PT14M,98477,2484
wYgaOmkNn1M,53,38,0,2,0,0,106,117,74,22704,[5.4313126],879,4,11,"GTA,GTA 5,GTA ONLINE,PC,gta 5 gameplay,gta v hindi gameplay,gta 5 funny moments,gta 5 wins,gta 5 lamborghini,gta 5 stealing supercar,gta 5 stunts,gta 5 thug life,grand theft auto v,gta v online,gta 5,gta 5 epic moments,gta v funny moments,awesome gta 5 stunts,best moments,aj gaming,arish khan,hindustan gamer,chapati hindustani gamer,techno gamerz",PT1H2M44S,22221972,1373877
rlpqflI0ghI,100,15,61,5,2,0,40,17,33,17615,[5.2803316],2867,3,4,"music mix 2023,best music mix,dance music 2023,dance music,popular songs remix,best remixes of popular songs 2023,edm,car music mix,best music 2023,gaming music,magic music,edm remix of popular songs,remixes of popular songs,music mix,bass boosted,best music mix 2023,magic records,remix,best remixes of popular songs,songs 2022,magic free release,popular 2022,gaming music 2022,music gaming 2023,Gaming Music 2023,edmforlife,edm for life",PT3H43M31S,614390,8549
GyO1MtLhyt0,50,8,30,2,0,0,34,158,235,12698,[5.2181053],3646,6,2,"gameplay android,android games,android gameplay,driving simulator,simulator,simulator games,android game,android,2021,King Games,Ramp Impossible,Ramp Car Stunts Racing 2021,Impossible Mega Tracks 3D,Ramp Car Stunts Racing,Simulator,impossible mega tracks 3d,car stunts racing tracks 3d,3d simulator,vertical mega ramp,gameplay,gaming aadii,car racing,racing car,Mahindra Bolero Driving | Indian Gadi Wala 3D Game #06 Realistic Car Game",PT3M30S,3928051,0
ryXGd_r8EF8,33,2,22,3,0,0,229,227,226,13021,[5.177924],758,4,7,"royalty gaming,royalty family gaming,ferran gaming,ferran gaming channel,royalty gaming channel,royalty,gaming,video games,royal,ali,ferran,royalty palace,ferran ali,ferran one shot,ali ferran,challenge,the royalty family,royalty family,roblox,ferran roblox,royalty family roblox,jordan matter,dhar maan,rebecca zamolo,girlfriend,24 hours,How I ended up in the Hospital...,hospital",PT11M54S,4051068,33488
HVQTXfV7gLY,49,18,21,0,0,0,26,34,25,12446,[5.4076395],619,0,9,"Preston,PrestonPlayz,Preston Playz,PrestonGamez,Preston Games,hide and seek,hide & seek,esports,arena,Arlington Esports Stadium,best hiding spots,hide n seek,Super hide and seek,intense hide and seek,extreme hide and seek,extreme hide n seek,extreme kids game",PT13M44S,2518125,50103
19PhEFvVgUc,19,3,13,1,1,0,26,22,22,6075,[5.0707316],42,2,0,"#shorts,#youtubeshorts",PT1M,8387840,819335
1KbsSzoUSjs,34,11,9,2,0,0,244,228,221,16408,[5.468018],1867,0,1,"best games of 2023,top games of 2023,best ps4 games of 2023,best xbox one games of 2023,best xbox series x games of 2023,best ps5 games of 2023,best switch games of 2023,best pc games of 2023,best xbox series s games of 2023,gameranx",PT14M56S,1158528,25309
DGyDgGI5v0s,68,54,0,3,1,0,141,152,97,25294,[5.205084],290,2,4,"free fire,garena free fire,total gaming",PT15M32S,1911572,131871
9_DB-MM9d7E,43,5,31,0,0,0,137,135,130,15440,[5.350066],505,0,1,"new ps4 games,new ps5 games,new xbox series x games,new switch games,new pc games,gameranx,brand new games,Most Anticipated games 2023 & 2024,new upcoming aaa games,new games announced,falcon",PT13M18S,875253,25741
sMnAxoFls-w,80,21,39,8,1,0,75,75,75,6331,[2.6593943],0,0,0,,PT49S,1327099,152517
